{
  "elmp": {
    "root": {
      "x": 409.4375,
      "y": 629
    },
    "bar": {
      "x": 898,
      "y": 604
    },
    "test": {
      "x": 1212,
      "y": 372
    },
    "foo1": {
      "x": 812,
      "y": 139
    },
    "foo": {
      "x": 377.8352692713833,
      "y": 208.76451953537486
    }
  },
  "pos": {
    "x": -593.5063458327021,
    "y": -6.95195071890771
  },
  "zoom": 0.8688885334833081
}
