{
  "elmp": {
    "root": {
      "x": 409.4375,
      "y": 629
    },
    "bar": {
      "x": 898,
      "y": 604
    },
    "test": {
      "x": 1212,
      "y": 372
    },
    "foo1": {
      "x": 812,
      "y": 139
    },
    "foo": {
      "x": 377.8352692713833,
      "y": 208.76451953537486
    }
  },
  "pos": {
    "x": 39.32600000000002,
    "y": 21.253000000000043
  },
  "zoom": 0.947
}
