{
  "elmp": {
    "root": {
      "x": 688.8754024188237,
      "y": 545.8913135047464,
      "color": "#27ae60"
    },
    "bar": {
      "x": 1087.1306554562004,
      "y": 409.2749341472786,
      "color": "#9b59b6"
    },
    "test": {
      "x": 1212,
      "y": 372,
      "color": "#e74c3c"
    },
    "foo1": {
      "x": 854.1565801062881,
      "y": 187.17894869290063,
      "color": "#e67e22"
    },
    "foo": {
      "x": 377.8352692713833,
      "y": 208.76451953537486,
      "color": "#3498db"
    },
    "prevEditing": {
      "x": 1631.7908547108232,
      "y": 468.28659565473185,
      "color": "#bdc3c7"
    },
    "foo42": {
      "x": 1519.1822070757687,
      "y": 143.7340332339994,
      "color": "#e74c3c"
    },
    "bar42": {
      "x": 1391.9489752336442,
      "y": 470.15249602446863
    },
    "joooooo": {
      "x": 1716.3399995800714,
      "y": 835.9134161408329
    }
  },
  "pos": {
    "x": -923.4747266623074,
    "y": -182.58672403203138
  },
  "zoom": 1.3262050723866363
}